{"cameraMode":{"drawMode":0,"name":"Shaded","section":"Shading Mode"},"sceneLighting":false,"audioPlay":false,"sceneViewState":{"showFog":true,"showMaterialUpdate":false,"showSkybox":false,"showFlares":true,"showImageEffects":true,"showParticleSystems":true},"in2DMode":false,"pivot":{"x":-3.0354084968566896,"y":0.03441809490323067,"z":1.014206051826477},"rotation":{"x":0.25828760862350466,"y":-0.46561530232429507,"z":0.1442284733057022,"w":0.8341303467750549},"size":5.866678237915039,"orthographic":false}