{"cameraMode":{"drawMode":0,"name":"Shaded","section":"Shading Mode"},"sceneLighting":true,"audioPlay":false,"sceneViewState":{"showFog":true,"showMaterialUpdate":false,"showSkybox":true,"showFlares":true,"showImageEffects":true,"showParticleSystems":true},"in2DMode":false,"pivot":{"x":-22.064857482910158,"y":-7.1089253425598148,"z":4.592681407928467},"rotation":{"x":-0.14632628858089448,"y":0.7222986221313477,"z":-0.16099673509597779,"w":-0.656482994556427},"size":17.32050895690918,"orthographic":false}