{"cameraMode":{"drawMode":0,"name":"Shaded","section":"Shading Mode"},"sceneLighting":true,"audioPlay":false,"sceneViewState":{"showFog":true,"showMaterialUpdate":false,"showSkybox":true,"showFlares":true,"showImageEffects":true,"showParticleSystems":true},"in2DMode":false,"pivot":{"x":601.9227294921875,"y":-424.8999938964844,"z":-362.5241394042969},"rotation":{"x":0.12770330905914308,"y":0.8442792296409607,"z":-0.23121808469295503,"w":0.4663044512271881},"size":439.2085266113281,"orthographic":false}