{"cameraMode":{"drawMode":0,"name":"Shaded","section":"Shading Mode"},"sceneLighting":false,"audioPlay":false,"sceneViewState":{"showFog":true,"showMaterialUpdate":false,"showSkybox":true,"showFlares":true,"showImageEffects":true,"showParticleSystems":true},"in2DMode":false,"pivot":{"x":-31.48665428161621,"y":47.75043487548828,"z":178.14410400390626},"rotation":{"x":0.055914655327796939,"y":0.7451606392860413,"z":-0.06500967592000961,"w":0.6619287133216858},"size":3.8177847862243654,"orthographic":false}