{"cameraMode":{"drawMode":0,"name":"Shaded","section":"Shading Mode"},"sceneLighting":false,"audioPlay":false,"sceneViewState":{"showFog":true,"showMaterialUpdate":false,"showSkybox":false,"showFlares":true,"showImageEffects":true,"showParticleSystems":true},"in2DMode":false,"pivot":{"x":-13.372734069824219,"y":-1.5377693176269532,"z":-16.502567291259767},"rotation":{"x":0.13101787865161897,"y":-0.42828601598739626,"z":0.062824547290802,"w":0.8919509053230286},"size":5.951050281524658,"orthographic":false}