{"cameraMode":{"drawMode":0,"name":"Shaded","section":"Shading Mode"},"sceneLighting":false,"audioPlay":false,"sceneViewState":{"showFog":true,"showMaterialUpdate":false,"showSkybox":false,"showFlares":true,"showImageEffects":true,"showParticleSystems":true},"in2DMode":false,"pivot":{"x":0.1540638506412506,"y":1.8705780506134034,"z":69.9870376586914},"rotation":{"x":-0.033303480595350268,"y":-0.0027169757522642614,"z":0.00007286097388714552,"w":-0.9994618892669678},"size":18.690990447998048,"orthographic":false}