{"cameraMode":{"drawMode":0,"name":"Shaded","section":"Shading Mode"},"sceneLighting":true,"audioPlay":false,"sceneViewState":{"showFog":true,"showMaterialUpdate":false,"showSkybox":true,"showFlares":true,"showImageEffects":true,"showParticleSystems":true},"in2DMode":false,"pivot":{"x":0.5491514801979065,"y":6.286746025085449,"z":-5.724419593811035},"rotation":{"x":0.23362834751605988,"y":0.011028431355953217,"z":-0.0027079961728304626,"w":0.9723212122917175},"size":0.8660256862640381,"orthographic":false}