{"cameraMode":{"drawMode":0,"name":"Shaded","section":"Shading Mode"},"sceneLighting":false,"audioPlay":false,"sceneViewState":{"showFog":true,"showMaterialUpdate":false,"showSkybox":false,"showFlares":true,"showImageEffects":true,"showParticleSystems":true},"in2DMode":false,"pivot":{"x":0.03267335891723633,"y":-0.7549529671669006,"z":-0.03843569755554199},"rotation":{"x":-0.02228781022131443,"y":0.8861005902290344,"z":-0.04284023493528366,"w":-0.4609743356704712},"size":2.1000173091888429,"orthographic":false}