{"cameraMode":{"drawMode":0,"name":"Shaded","section":"Shading Mode"},"sceneLighting":false,"audioPlay":false,"sceneViewState":{"showFog":true,"showMaterialUpdate":false,"showSkybox":false,"showFlares":true,"showImageEffects":true,"showParticleSystems":true},"in2DMode":false,"pivot":{"x":39.56338882446289,"y":-0.3571077287197113,"z":38.14402770996094},"rotation":{"x":0.00002472327832947485,"y":0.9830530285835266,"z":-0.18377603590488435,"w":-0.0002647757064551115},"size":3.464101552963257,"orthographic":false}