{"cameraMode":{"drawMode":0,"name":"Shaded","section":"Shading Mode"},"sceneLighting":false,"audioPlay":false,"sceneViewState":{"showFog":true,"showMaterialUpdate":false,"showSkybox":false,"showFlares":true,"showImageEffects":true,"showParticleSystems":true},"in2DMode":false,"pivot":{"x":-7.730529308319092,"y":1.3101989030838013,"z":9.941001892089844},"rotation":{"x":0.04370597377419472,"y":0.9276440739631653,"z":-0.11497218906879425,"w":0.3526689410209656},"size":1.5751229524612427,"orthographic":false}