{"cameraMode":{"drawMode":0,"name":"Shaded","section":"Shading Mode"},"sceneLighting":false,"audioPlay":false,"sceneViewState":{"showFog":true,"showMaterialUpdate":false,"showSkybox":false,"showFlares":true,"showImageEffects":true,"showParticleSystems":true},"in2DMode":false,"pivot":{"x":-19.154695510864259,"y":-7.251139163970947,"z":61.54680252075195},"rotation":{"x":0.15895317494869233,"y":-0.35930824279785159,"z":0.0578065924346447,"w":0.9183869361877441},"size":19.566383361816408,"orthographic":false}