{"cameraMode":{"drawMode":0,"name":"Shaded","section":"Shading Mode"},"sceneLighting":false,"audioPlay":false,"sceneViewState":{"showFog":true,"showMaterialUpdate":false,"showSkybox":false,"showFlares":true,"showImageEffects":true,"showParticleSystems":true},"in2DMode":false,"pivot":{"x":36.07979202270508,"y":71.10040283203125,"z":-378.83245849609377},"rotation":{"x":-0.006801073905080557,"y":-0.9884735941886902,"z":0.1442563682794571,"w":-0.04870335012674332},"size":10.0,"orthographic":false}