{"cameraMode":{"drawMode":0,"name":"Shaded","section":"Shading Mode"},"sceneLighting":false,"audioPlay":false,"sceneViewState":{"showFog":true,"showMaterialUpdate":false,"showSkybox":false,"showFlares":true,"showImageEffects":true,"showParticleSystems":true},"in2DMode":false,"pivot":{"x":-4.0376362800598148,"y":-6.413618087768555,"z":10.950949668884278},"rotation":{"x":-0.22765383124351502,"y":0.26393356919288638,"z":-0.06425942480564118,"w":-0.9350972771644592},"size":13.2481050491333,"orthographic":false}