{"cameraMode":{"drawMode":0,"name":"Shaded","section":"Shading Mode"},"sceneLighting":false,"audioPlay":false,"sceneViewState":{"showFog":true,"showMaterialUpdate":false,"showSkybox":false,"showFlares":true,"showImageEffects":true,"showParticleSystems":true},"in2DMode":false,"pivot":{"x":-2.141573429107666,"y":0.11518573760986328,"z":6.752305507659912},"rotation":{"x":0.2261326014995575,"y":-0.34915509819984438,"z":0.08725546300411225,"w":0.9052262902259827},"size":4.839695930480957,"orthographic":false}