{"cameraMode":{"drawMode":0,"name":"Shaded","section":"Shading Mode"},"sceneLighting":false,"audioPlay":false,"sceneViewState":{"showFog":true,"showMaterialUpdate":false,"showSkybox":false,"showFlares":true,"showImageEffects":true,"showParticleSystems":true},"in2DMode":false,"pivot":{"x":15.920764923095704,"y":-2.413428544998169,"z":-211.99562072753907},"rotation":{"x":-0.03618036210536957,"y":0.9642495512962341,"z":-0.18379057943820954,"w":-0.1882994920015335},"size":19.465612411499025,"orthographic":false}