{"cameraMode":{"drawMode":0,"name":"Shaded","section":"Shading Mode"},"sceneLighting":false,"audioPlay":false,"sceneViewState":{"showFog":true,"showMaterialUpdate":false,"showSkybox":false,"showFlares":true,"showImageEffects":true,"showParticleSystems":true},"in2DMode":false,"pivot":{"x":0.08928901702165604,"y":-0.29913192987442019,"z":1.5037851333618165},"rotation":{"x":-0.18958958983421327,"y":0.029730742797255517,"z":-0.0061553241685032848,"w":-0.981593668460846},"size":1.4029611349105836,"orthographic":false}