{"cameraMode":{"drawMode":0,"name":"Shaded","section":"Shading Mode"},"sceneLighting":false,"audioPlay":false,"sceneViewState":{"showFog":true,"showMaterialUpdate":false,"showSkybox":false,"showFlares":true,"showImageEffects":true,"showParticleSystems":true},"in2DMode":false,"pivot":{"x":35.212486267089847,"y":1.0439821481704713,"z":30.35899543762207},"rotation":{"x":-0.020896123722195627,"y":0.9166072607040405,"z":-0.048478879034519199,"w":-0.3964909613132477},"size":1.1320507526397706,"orthographic":false}