{"cameraMode":{"drawMode":0,"name":"Shaded","section":"Shading Mode"},"sceneLighting":false,"audioPlay":false,"sceneViewState":{"showFog":true,"showMaterialUpdate":false,"showSkybox":false,"showFlares":true,"showImageEffects":true,"showParticleSystems":true},"in2DMode":false,"pivot":{"x":-2.674036979675293,"y":0.23735058307647706,"z":-1.6636486053466797},"rotation":{"x":0.04028436169028282,"y":-0.16001635789871217,"z":0.006469943094998598,"w":0.9863318204879761},"size":9.314387321472168,"orthographic":false}