{"cameraMode":{"drawMode":0,"name":"Shaded","section":"Shading Mode"},"sceneLighting":true,"audioPlay":false,"sceneViewState":{"showFog":true,"showMaterialUpdate":false,"showSkybox":false,"showFlares":true,"showImageEffects":true,"showParticleSystems":true},"in2DMode":false,"pivot":{"x":0.03000020980834961,"y":1.760000228881836,"z":0.7300000190734863},"rotation":{"x":-0.007886224426329136,"y":0.9781044125556946,"z":-0.21025396883487702,"w":-0.014409947209060192},"size":10.340124130249024,"orthographic":false}