{"cameraMode":{"drawMode":0,"name":"Shaded","section":"Shading Mode"},"sceneLighting":false,"audioPlay":false,"sceneViewState":{"showFog":true,"showMaterialUpdate":false,"showSkybox":true,"showFlares":true,"showImageEffects":true,"showParticleSystems":true},"in2DMode":false,"pivot":{"x":-19.057273864746095,"y":-51.109657287597659,"z":180.85433959960938},"rotation":{"x":-0.22047477960586549,"y":-0.009659417904913426,"z":0.0021840373519808056,"w":-0.9753509163856506},"size":96.18821716308594,"orthographic":false}