{"cameraMode":{"drawMode":0,"name":"Shaded","section":"Shading Mode"},"sceneLighting":false,"audioPlay":false,"sceneViewState":{"showFog":true,"showMaterialUpdate":false,"showSkybox":false,"showFlares":true,"showImageEffects":true,"showParticleSystems":true},"in2DMode":false,"pivot":{"x":-1.313797950744629,"y":-2.5866870880126955,"z":6.042559623718262},"rotation":{"x":-0.2148209512233734,"y":0.24510398507118226,"z":-0.05579468607902527,"w":-0.9437604546546936},"size":9.590527534484864,"orthographic":false}