{"cameraMode":{"drawMode":0,"name":"Shaded","section":"Shading Mode"},"sceneLighting":false,"audioPlay":false,"sceneViewState":{"showFog":true,"showMaterialUpdate":false,"showSkybox":true,"showFlares":true,"showImageEffects":true,"showParticleSystems":true},"in2DMode":false,"pivot":{"x":-91.07029724121094,"y":44.65277862548828,"z":130.3220977783203},"rotation":{"x":-0.061616819351911548,"y":0.9349691271781921,"z":-0.2025488168001175,"w":-0.28489911556243899},"size":2.613983154296875,"orthographic":false}