{"cameraMode":{"drawMode":0,"name":"Shaded","section":"Shading Mode"},"sceneLighting":false,"audioPlay":false,"sceneViewState":{"showFog":true,"showMaterialUpdate":false,"showSkybox":false,"showFlares":true,"showImageEffects":true,"showParticleSystems":true},"in2DMode":false,"pivot":{"x":2.492558717727661,"y":-8.636527061462403,"z":-207.7384033203125},"rotation":{"x":-0.0008161398582160473,"y":0.9534801840782166,"z":-0.30316802859306338,"w":0.01060341577976942},"size":19.465381622314454,"orthographic":false}