{"cameraMode":{"drawMode":0,"name":"Shaded","section":"Shading Mode"},"sceneLighting":false,"audioPlay":false,"sceneViewState":{"showFog":true,"showMaterialUpdate":false,"showSkybox":false,"showFlares":true,"showImageEffects":true,"showParticleSystems":true},"in2DMode":false,"pivot":{"x":1.605434536933899,"y":2.8571369647979738,"z":39.5284538269043},"rotation":{"x":0.3081115782260895,"y":-0.07986155897378922,"z":0.02181491069495678,"w":0.9483460187911987},"size":5.101874828338623,"orthographic":false}