{"cameraMode":{"drawMode":0,"name":"Shaded","section":"Shading Mode"},"sceneLighting":false,"audioPlay":false,"sceneViewState":{"showFog":true,"showMaterialUpdate":false,"showSkybox":false,"showFlares":true,"showImageEffects":true,"showParticleSystems":true},"in2DMode":false,"pivot":{"x":-33.240394592285159,"y":3.1956372261047365,"z":-244.06747436523438},"rotation":{"x":0.07275445014238358,"y":-0.7275068759918213,"z":0.07187779247760773,"w":0.6792831420898438},"size":19.46472930908203,"orthographic":false}