{"cameraMode":{"drawMode":0,"name":"Shaded","section":"Shading Mode"},"sceneLighting":false,"audioPlay":false,"sceneViewState":{"showFog":true,"showMaterialUpdate":false,"showSkybox":false,"showFlares":true,"showImageEffects":true,"showParticleSystems":true},"in2DMode":false,"pivot":{"x":0.22986654937267304,"y":0.1420312374830246,"z":-0.46929678320884707},"rotation":{"x":0.051708631217479709,"y":0.9234257340431213,"z":-0.13419248163700105,"w":0.35582834482192995},"size":1.5354727506637574,"orthographic":false}