{"cameraMode":{"drawMode":0,"name":"Shaded","section":"Shading Mode"},"sceneLighting":false,"audioPlay":false,"sceneViewState":{"showFog":true,"showMaterialUpdate":false,"showSkybox":false,"showFlares":true,"showImageEffects":true,"showParticleSystems":true},"in2DMode":false,"pivot":{"x":-3.621000051498413,"y":1.7658817768096924,"z":-2.940000057220459},"rotation":{"x":0.0004684843006543815,"y":0.9952118992805481,"z":-0.09765316545963288,"w":0.00477833766490221},"size":1.536585807800293,"orthographic":false}