{"cameraMode":{"drawMode":0,"name":"Shaded","section":"Shading Mode"},"sceneLighting":false,"audioPlay":false,"sceneViewState":{"showFog":true,"showMaterialUpdate":false,"showSkybox":false,"showFlares":true,"showImageEffects":true,"showParticleSystems":true},"in2DMode":false,"pivot":{"x":2.8565592765808107,"y":2.0601706504821779,"z":-4.190390586853027},"rotation":{"x":-0.19234701991081239,"y":0.21213319897651673,"z":-0.04263151064515114,"w":-0.9571865797042847},"size":9.314387321472168,"orthographic":false}