{"cameraMode":{"drawMode":0,"name":"Shaded","section":"Shading Mode"},"sceneLighting":false,"audioPlay":false,"sceneViewState":{"showFog":true,"showMaterialUpdate":false,"showSkybox":true,"showFlares":true,"showImageEffects":true,"showParticleSystems":true},"in2DMode":false,"pivot":{"x":-333.8492431640625,"y":-276.9633483886719,"z":337.2919921875},"rotation":{"x":0.26039811968803408,"y":-0.436348557472229,"z":0.13470251858234406,"w":0.8515913486480713},"size":383.0397033691406,"orthographic":false}