{"cameraMode":{"drawMode":0,"name":"Shaded","section":"Shading Mode"},"sceneLighting":true,"audioPlay":false,"sceneViewState":{"showFog":true,"showMaterialUpdate":false,"showSkybox":true,"showFlares":true,"showImageEffects":true,"showParticleSystems":true},"in2DMode":false,"pivot":{"x":88.14807891845703,"y":-65.47323608398438,"z":82.61866760253906},"rotation":{"x":-0.2325998991727829,"y":-0.38855406641960146,"z":0.10203726589679718,"w":-0.8857284188270569},"size":75.18582153320313,"orthographic":false}