{"cameraMode":{"drawMode":0,"name":"Shaded","section":"Shading Mode"},"sceneLighting":false,"audioPlay":false,"sceneViewState":{"showFog":true,"showMaterialUpdate":false,"showSkybox":false,"showFlares":true,"showImageEffects":true,"showParticleSystems":true},"in2DMode":false,"pivot":{"x":0.0,"y":0.8642327189445496,"z":-0.06763575226068497},"rotation":{"x":0.05247996374964714,"y":0.9467035531997681,"z":-0.2035747766494751,"w":0.24405530095100404},"size":1.4459271430969239,"orthographic":false}