{"cameraMode":{"drawMode":0,"name":"Shaded","section":"Shading Mode"},"sceneLighting":false,"audioPlay":false,"sceneViewState":{"showFog":true,"showMaterialUpdate":false,"showSkybox":false,"showFlares":true,"showImageEffects":true,"showParticleSystems":true},"in2DMode":false,"pivot":{"x":0.0013922452926635743,"y":0.8691229820251465,"z":-0.0864625871181488},"rotation":{"x":0.05247996374964714,"y":0.9467035531997681,"z":-0.2035747766494751,"w":0.24405530095100404},"size":1.4480092525482178,"orthographic":false}