{"cameraMode":{"drawMode":0,"name":"Shaded","section":"Shading Mode"},"sceneLighting":false,"audioPlay":false,"sceneViewState":{"showFog":true,"showMaterialUpdate":false,"showSkybox":false,"showFlares":true,"showImageEffects":true,"showParticleSystems":true},"in2DMode":false,"pivot":{"x":0.07942909002304077,"y":0.32970234751701357,"z":0.06296232342720032},"rotation":{"x":-0.1280611902475357,"y":0.832611620426178,"z":-0.21598270535469056,"w":-0.4936734437942505},"size":0.6692888736724854,"orthographic":false}