{"cameraMode":{"drawMode":0,"name":"Shaded","section":"Shading Mode"},"sceneLighting":true,"audioPlay":false,"sceneViewState":{"showFog":true,"showMaterialUpdate":false,"showSkybox":true,"showFlares":true,"showImageEffects":true,"showParticleSystems":true},"in2DMode":false,"pivot":{"x":0.25054842233657839,"y":2.2809207439422609,"z":-0.42335695028305056},"rotation":{"x":0.10353101044893265,"y":0.04260783642530441,"z":-0.004507372155785561,"w":0.9937623739242554},"size":1.9204587936401368,"orthographic":false}