{"cameraMode":{"drawMode":0,"name":"Shaded","section":"Shading Mode"},"sceneLighting":false,"audioPlay":false,"sceneViewState":{"showFog":true,"showMaterialUpdate":false,"showSkybox":false,"showFlares":true,"showImageEffects":true,"showParticleSystems":true},"in2DMode":false,"pivot":{"x":-9.950647354125977,"y":4.466466426849365,"z":10.532915115356446},"rotation":{"x":0.1173531636595726,"y":0.8064222931861877,"z":-0.1708826869726181,"w":0.5538389682769775},"size":1.5751229524612427,"orthographic":false}