{"cameraMode":{"drawMode":0,"name":"Shaded","section":"Shading Mode"},"sceneLighting":false,"audioPlay":false,"sceneViewState":{"showFog":true,"showMaterialUpdate":false,"showSkybox":false,"showFlares":true,"showImageEffects":true,"showParticleSystems":true},"in2DMode":false,"pivot":{"x":-4.280065059661865,"y":2.4969398975372316,"z":8.881329536437989},"rotation":{"x":-0.11485818773508072,"y":0.2452748566865921,"z":-0.029281480237841607,"w":-0.9621923565864563},"size":9.314387321472168,"orthographic":false}