{"cameraMode":{"drawMode":0,"name":"Shaded","section":"Shading Mode"},"sceneLighting":false,"audioPlay":false,"sceneViewState":{"showFog":true,"showMaterialUpdate":false,"showSkybox":false,"showFlares":true,"showImageEffects":true,"showParticleSystems":true},"in2DMode":false,"pivot":{"x":0.13458633422851563,"y":3.0766968727111818,"z":0.10029065608978272},"rotation":{"x":-0.14632628858089448,"y":0.7222986221313477,"z":-0.16099673509597779,"w":-0.656482994556427},"size":6.9282050132751469,"orthographic":false}