{"cameraMode":{"drawMode":0,"name":"Shaded","section":"Shading Mode"},"sceneLighting":false,"audioPlay":false,"sceneViewState":{"showFog":true,"showMaterialUpdate":false,"showSkybox":true,"showFlares":true,"showImageEffects":true,"showParticleSystems":true},"in2DMode":false,"pivot":{"x":14.620007514953614,"y":1.9305673837661744,"z":-163.9083251953125},"rotation":{"x":-0.03575662523508072,"y":-0.9324960708618164,"z":0.3465338945388794,"w":-0.09603750705718994},"size":10.0,"orthographic":false}