{"cameraMode":{"drawMode":0,"name":"Shaded","section":"Shading Mode"},"sceneLighting":false,"audioPlay":false,"sceneViewState":{"showFog":true,"showMaterialUpdate":false,"showSkybox":false,"showFlares":true,"showImageEffects":true,"showParticleSystems":true},"in2DMode":false,"pivot":{"x":27.518203735351564,"y":-8.016924858093262,"z":-194.12086486816407},"rotation":{"x":0.19933032989501954,"y":0.6748650074005127,"z":-0.19753161072731019,"w":0.6827322244644165},"size":19.465362548828126,"orthographic":false}