{"cameraMode":{"drawMode":0,"name":"Shaded","section":"Shading Mode"},"sceneLighting":true,"audioPlay":false,"sceneViewState":{"showFog":true,"showMaterialUpdate":false,"showSkybox":false,"showFlares":true,"showImageEffects":true,"showParticleSystems":true},"in2DMode":false,"pivot":{"x":-0.039999961853027347,"y":1.6700000762939454,"z":0.49321460723876955},"rotation":{"x":0.013398893177509308,"y":0.9522380828857422,"z":-0.3014523684978485,"w":0.057916197925806048},"size":10.340124130249024,"orthographic":false}