{"cameraMode":{"drawMode":0,"name":"Shaded","section":"Shading Mode"},"sceneLighting":false,"audioPlay":false,"sceneViewState":{"showFog":true,"showMaterialUpdate":false,"showSkybox":false,"showFlares":true,"showImageEffects":true,"showParticleSystems":true},"in2DMode":false,"pivot":{"x":6.957631587982178,"y":3.2556564807891847,"z":-2.432527542114258},"rotation":{"x":0.06490352004766464,"y":0.760076105594635,"z":-0.07691965997219086,"w":0.6420800089836121},"size":0.000017320508050033823,"orthographic":false}