{"cameraMode":{"drawMode":0,"name":"Shaded","section":"Shading Mode"},"sceneLighting":true,"audioPlay":false,"sceneViewState":{"showFog":true,"showMaterialUpdate":false,"showSkybox":true,"showFlares":true,"showImageEffects":true,"showParticleSystems":true},"in2DMode":false,"pivot":{"x":-4.572883605957031,"y":1.5080815553665162,"z":7.1992645263671879},"rotation":{"x":0.07758799940347672,"y":-0.699937105178833,"z":0.07533307373523712,"w":0.7064886093139648},"size":5.643294811248779,"orthographic":false}