{"cameraMode":{"drawMode":0,"name":"Shaded","section":"Shading Mode"},"sceneLighting":false,"audioPlay":false,"sceneViewState":{"showFog":true,"showMaterialUpdate":false,"showSkybox":false,"showFlares":true,"showImageEffects":true,"showParticleSystems":true},"in2DMode":false,"pivot":{"x":-1.6223233938217164,"y":1.816217303276062,"z":10.262197494506836},"rotation":{"x":0.021102601662278177,"y":0.9242227077484131,"z":-0.051641806960105899,"w":0.37800660729408266},"size":1.9500361680984498,"orthographic":false}