{"cameraMode":{"drawMode":0,"name":"Shaded","section":"Shading Mode"},"sceneLighting":false,"audioPlay":false,"sceneViewState":{"showFog":true,"showMaterialUpdate":false,"showSkybox":false,"showFlares":true,"showImageEffects":true,"showParticleSystems":true},"in2DMode":false,"pivot":{"x":-14.487849235534668,"y":-10.547462463378907,"z":-1.2402558326721192},"rotation":{"x":-0.15741999447345735,"y":0.8060932755470276,"z":-0.24373459815979005,"w":-0.5162544250488281},"size":13.022601127624512,"orthographic":false}