{"cameraMode":{"drawMode":0,"name":"Shaded","section":"Shading Mode"},"sceneLighting":false,"audioPlay":false,"sceneViewState":{"showFog":true,"showMaterialUpdate":false,"showSkybox":true,"showFlares":true,"showImageEffects":true,"showParticleSystems":true},"in2DMode":false,"pivot":{"x":1.0972872972488404,"y":8.262063026428223,"z":64.99433898925781},"rotation":{"x":-0.1955053210258484,"y":0.32861337065696719,"z":-0.06907004863023758,"w":-0.9216898679733276},"size":3.6655614376068117,"orthographic":false}