{"cameraMode":{"drawMode":0,"name":"Shaded","section":"Shading Mode"},"sceneLighting":false,"audioPlay":false,"sceneViewState":{"showFog":true,"showMaterialUpdate":false,"showSkybox":false,"showFlares":true,"showImageEffects":true,"showParticleSystems":true},"in2DMode":false,"pivot":{"x":-0.6973537802696228,"y":4.552802562713623,"z":-26.658859252929689},"rotation":{"x":0.14676834642887116,"y":0.014194254763424397,"z":-0.0021653026342391969,"w":0.9891212582588196},"size":0.000017073167327907868,"orthographic":false}