{"cameraMode":{"drawMode":0,"name":"Shaded","section":"Shading Mode"},"sceneLighting":false,"audioPlay":false,"sceneViewState":{"showFog":true,"showMaterialUpdate":false,"showSkybox":false,"showFlares":true,"showImageEffects":true,"showParticleSystems":true},"in2DMode":false,"pivot":{"x":-0.2010350227355957,"y":-0.06217062473297119,"z":0.4660504162311554},"rotation":{"x":-0.14750170707702638,"y":0.6873775720596314,"z":-0.14565348625183106,"w":-0.6960945129394531},"size":1.2247449159622193,"orthographic":false}