{"cameraMode":{"drawMode":0,"name":"Shaded","section":"Shading Mode"},"sceneLighting":false,"audioPlay":false,"sceneViewState":{"showFog":true,"showMaterialUpdate":false,"showSkybox":false,"showFlares":true,"showImageEffects":true,"showParticleSystems":true},"in2DMode":false,"pivot":{"x":43.70412826538086,"y":12.848645210266114,"z":-17.755887985229493},"rotation":{"x":-0.21278820931911469,"y":0.2969764769077301,"z":-0.06806836277246475,"w":-0.9283907413482666},"size":1.7320507764816285,"orthographic":false}