{"cameraMode":{"drawMode":0,"name":"Shaded","section":"Shading Mode"},"sceneLighting":false,"audioPlay":false,"sceneViewState":{"showFog":true,"showMaterialUpdate":false,"showSkybox":false,"showFlares":true,"showImageEffects":true,"showParticleSystems":true},"in2DMode":false,"pivot":{"x":-2.4045333862304689,"y":-0.05533885955810547,"z":9.463526725769043},"rotation":{"x":0.06246434897184372,"y":-0.2650679349899292,"z":0.017120281234383584,"w":0.9621157050132752},"size":10.47280216217041,"orthographic":false}