{"cameraMode":{"drawMode":0,"name":"Shaded","section":"Shading Mode"},"sceneLighting":false,"audioPlay":false,"sceneViewState":{"showFog":true,"showMaterialUpdate":false,"showSkybox":false,"showFlares":true,"showImageEffects":true,"showParticleSystems":true},"in2DMode":false,"pivot":{"x":0.07297677546739578,"y":-0.6372194290161133,"z":-0.09884735941886902},"rotation":{"x":0.49264878034591677,"y":0.5070683360099793,"z":-0.48874762654304507,"w":0.5115112066268921},"size":0.7838194966316223,"orthographic":false}