{"cameraMode":{"drawMode":0,"name":"Shaded","section":"Shading Mode"},"sceneLighting":true,"audioPlay":false,"sceneViewState":{"showFog":true,"showMaterialUpdate":false,"showSkybox":false,"showFlares":true,"showImageEffects":true,"showParticleSystems":true},"in2DMode":false,"pivot":{"x":234.38694763183595,"y":15.147239685058594,"z":-756.8220825195313},"rotation":{"x":0.20598679780960084,"y":0.7388799786567688,"z":-0.26887860894203188,"w":0.5835224986076355},"size":27.864351272583009,"orthographic":false}