{"cameraMode":{"drawMode":0,"name":"Shaded","section":"Shading Mode"},"sceneLighting":false,"audioPlay":false,"sceneViewState":{"showFog":true,"showMaterialUpdate":false,"showSkybox":false,"showFlares":true,"showImageEffects":true,"showParticleSystems":true},"in2DMode":false,"pivot":{"x":-4.604593753814697,"y":0.2617316246032715,"z":7.018049716949463},"rotation":{"x":-0.03291371464729309,"y":0.9225866794586182,"z":-0.07753948122262955,"w":-0.3771204352378845},"size":5.049752235412598,"orthographic":false}