{"cameraMode":{"drawMode":0,"name":"Shaded","section":"Shading Mode"},"sceneLighting":false,"audioPlay":false,"sceneViewState":{"showFog":true,"showMaterialUpdate":false,"showSkybox":false,"showFlares":true,"showImageEffects":true,"showParticleSystems":true},"in2DMode":false,"pivot":{"x":-0.971565842628479,"y":-0.5409073233604431,"z":1.7106730937957764},"rotation":{"x":-0.10600992292165756,"y":0.8059341907501221,"z":-0.15191388130187989,"w":-0.5623868107795715},"size":1.5223467350006104,"orthographic":false}