{"cameraMode":{"drawMode":0,"name":"Shaded","section":"Shading Mode"},"sceneLighting":false,"audioPlay":false,"sceneViewState":{"showFog":true,"showMaterialUpdate":false,"showSkybox":false,"showFlares":true,"showImageEffects":true,"showParticleSystems":true},"in2DMode":false,"pivot":{"x":25.52410125732422,"y":0.7352654933929443,"z":-8.212774276733399},"rotation":{"x":0.06246434897184372,"y":-0.2650679349899292,"z":0.017120281234383584,"w":0.9621157050132752},"size":1.495955467224121,"orthographic":false}