{"cameraMode":{"drawMode":0,"name":"Shaded","section":"Shading Mode"},"sceneLighting":true,"audioPlay":false,"sceneViewState":{"showFog":true,"showMaterialUpdate":false,"showSkybox":false,"showFlares":true,"showImageEffects":true,"showParticleSystems":true},"in2DMode":false,"pivot":{"x":-1.2615973949432374,"y":-6.548112869262695,"z":-13.613326072692871},"rotation":{"x":-0.010297022759914399,"y":0.972959041595459,"z":-0.2321229726076126,"w":-0.02298678457736969},"size":10.340124130249024,"orthographic":false}