{"cameraMode":{"drawMode":0,"name":"Shaded","section":"Shading Mode"},"sceneLighting":false,"audioPlay":false,"sceneViewState":{"showFog":true,"showMaterialUpdate":false,"showSkybox":false,"showFlares":true,"showImageEffects":true,"showParticleSystems":true},"in2DMode":false,"pivot":{"x":-0.00950014591217041,"y":1.3021936416625977,"z":-0.06286650896072388},"rotation":{"x":-0.1280611902475357,"y":0.832611620426178,"z":-0.21598270535469056,"w":-0.4936734437942505},"size":2.0483667850494386,"orthographic":false}