{"cameraMode":{"drawMode":0,"name":"Shaded","section":"Shading Mode"},"sceneLighting":false,"audioPlay":false,"sceneViewState":{"showFog":true,"showMaterialUpdate":false,"showSkybox":false,"showFlares":true,"showImageEffects":true,"showParticleSystems":true},"in2DMode":false,"pivot":{"x":-4.631154537200928,"y":2.0120351314544679,"z":-3.4043519496917726},"rotation":{"x":0.15008457005023957,"y":0.5333770513534546,"z":-0.0971105769276619,"w":0.8268439173698425},"size":0.000017320508050033823,"orthographic":false}