{"cameraMode":{"drawMode":0,"name":"Shaded","section":"Shading Mode"},"sceneLighting":true,"audioPlay":false,"sceneViewState":{"showFog":true,"showMaterialUpdate":false,"showSkybox":false,"showFlares":true,"showImageEffects":true,"showParticleSystems":true},"in2DMode":false,"pivot":{"x":2.64166259765625,"y":3.8851866722106935,"z":-28.7119197845459},"rotation":{"x":-0.00873987190425396,"y":0.9959040284156799,"z":0.08331108838319779,"w":0.04821256920695305},"size":16.50527000427246,"orthographic":false}