{"cameraMode":{"drawMode":0,"name":"Shaded","section":"Shading Mode"},"sceneLighting":false,"audioPlay":false,"sceneViewState":{"showFog":true,"showMaterialUpdate":false,"showSkybox":false,"showFlares":true,"showImageEffects":true,"showParticleSystems":true},"in2DMode":false,"pivot":{"x":-4.175254821777344,"y":-2.1555733680725099,"z":7.70643424987793},"rotation":{"x":0.21921581029891969,"y":-0.2516228258609772,"z":0.056618232280015948,"w":0.9413140416145325},"size":5.974947929382324,"orthographic":false}