{"cameraMode":{"drawMode":0,"name":"Shaded","section":"Shading Mode"},"sceneLighting":false,"audioPlay":false,"sceneViewState":{"showFog":true,"showMaterialUpdate":false,"showSkybox":false,"showFlares":true,"showImageEffects":true,"showParticleSystems":true},"in2DMode":false,"pivot":{"x":-0.050851233303546908,"y":0.6900693774223328,"z":-0.8925328850746155},"rotation":{"x":-0.006181119475513697,"y":0.9880926609039307,"z":-0.14813299477100373,"w":-0.04122598469257355},"size":1.4261572360992432,"orthographic":false}