{"cameraMode":{"drawMode":0,"name":"Shaded","section":"Shading Mode"},"sceneLighting":false,"audioPlay":false,"sceneViewState":{"showFog":true,"showMaterialUpdate":false,"showSkybox":false,"showFlares":true,"showImageEffects":true,"showParticleSystems":true},"in2DMode":false,"pivot":{"x":-1.1847279071807862,"y":-0.007791876792907715,"z":0.8460772037506104},"rotation":{"x":-0.05660447105765343,"y":0.9426285028457642,"z":-0.24914585053920747,"w":-0.2157902866601944},"size":1.5116386413574219,"orthographic":false}