{"cameraMode":{"drawMode":0,"name":"Shaded","section":"Shading Mode"},"sceneLighting":false,"audioPlay":false,"sceneViewState":{"showFog":true,"showMaterialUpdate":false,"showSkybox":false,"showFlares":true,"showImageEffects":true,"showParticleSystems":true},"in2DMode":false,"pivot":{"x":-2.384185791015625e-7,"y":0.8536036014556885,"z":-0.05048992484807968},"rotation":{"x":0.05247996374964714,"y":0.9467035531997681,"z":-0.2035747766494751,"w":0.24405530095100404},"size":1.428505539894104,"orthographic":false}