{"cameraMode":{"drawMode":0,"name":"Shaded","section":"Shading Mode"},"sceneLighting":false,"audioPlay":false,"sceneViewState":{"showFog":true,"showMaterialUpdate":false,"showSkybox":false,"showFlares":true,"showImageEffects":true,"showParticleSystems":true},"in2DMode":false,"pivot":{"x":39.89793395996094,"y":1.0262222290039063,"z":33.15133285522461},"rotation":{"x":-0.0013913435395807028,"y":0.9975687861442566,"z":-0.06775052100419998,"w":-0.021209314465522767},"size":3.8320505619049074,"orthographic":false}