{"cameraMode":{"drawMode":0,"name":"Shaded","section":"Shading Mode"},"sceneLighting":false,"audioPlay":false,"sceneViewState":{"showFog":true,"showMaterialUpdate":false,"showSkybox":false,"showFlares":true,"showImageEffects":true,"showParticleSystems":true},"in2DMode":false,"pivot":{"x":-0.13405343890190125,"y":0.3360351622104645,"z":-0.09375568479299545},"rotation":{"x":-0.25052908062934878,"y":0.6664326190948486,"z":-0.25413498282432558,"w":-0.6549930572509766},"size":3.464101552963257,"orthographic":false}