{"cameraMode":{"drawMode":0,"name":"Shaded","section":"Shading Mode"},"sceneLighting":false,"audioPlay":false,"sceneViewState":{"showFog":true,"showMaterialUpdate":false,"showSkybox":false,"showFlares":true,"showImageEffects":true,"showParticleSystems":true},"in2DMode":false,"pivot":{"x":12.596470832824707,"y":-0.14253568649291993,"z":9.242280960083008},"rotation":{"x":-0.13158614933490754,"y":0.6248230934143066,"z":-0.10612547397613526,"w":-0.7626416087150574},"size":3.3258845806121828,"orthographic":false}