{"cameraMode":{"drawMode":0,"name":"Shaded","section":"Shading Mode"},"sceneLighting":false,"audioPlay":false,"sceneViewState":{"showFog":true,"showMaterialUpdate":false,"showSkybox":false,"showFlares":true,"showImageEffects":true,"showParticleSystems":true},"in2DMode":false,"pivot":{"x":0.9064391255378723,"y":0.20974981784820558,"z":0.9145933985710144},"rotation":{"x":-0.19186227023601533,"y":0.6871201992034912,"z":-0.1959729790687561,"w":-0.6728280186653137},"size":1.2247449159622193,"orthographic":false}