{"cameraMode":{"drawMode":0,"name":"Shaded","section":"Shading Mode"},"sceneLighting":true,"audioPlay":false,"sceneViewState":{"showFog":true,"showMaterialUpdate":false,"showSkybox":false,"showFlares":true,"showImageEffects":true,"showParticleSystems":true},"in2DMode":false,"pivot":{"x":-17.230012893676759,"y":-11.391165733337403,"z":8.334774017333985},"rotation":{"x":0.2194799929857254,"y":-0.5427641272544861,"z":0.14959219098091126,"w":0.7969010472297669},"size":12.12435531616211,"orthographic":false}