{"cameraMode":{"drawMode":0,"name":"Shaded","section":"Shading Mode"},"sceneLighting":false,"audioPlay":false,"sceneViewState":{"showFog":true,"showMaterialUpdate":false,"showSkybox":true,"showFlares":true,"showImageEffects":true,"showParticleSystems":true},"in2DMode":false,"pivot":{"x":-1.2548284530639649,"y":17.72932243347168,"z":-1.853426456451416},"rotation":{"x":-0.23045498132705689,"y":-0.04610803723335266,"z":0.010932238772511483,"w":-0.9719356298446655},"size":1.4177850484848023,"orthographic":false}