{"cameraMode":{"drawMode":0,"name":"Shaded","section":"Shading Mode"},"sceneLighting":false,"audioPlay":false,"sceneViewState":{"showFog":true,"showMaterialUpdate":false,"showSkybox":false,"showFlares":true,"showImageEffects":true,"showParticleSystems":true},"in2DMode":false,"pivot":{"x":-6.466528415679932,"y":2.450613498687744,"z":10.661043167114258},"rotation":{"x":-0.1188519150018692,"y":0.8515589237213135,"z":-0.21953487396240235,"w":-0.46101462841033938},"size":1.2247449159622193,"orthographic":false}