{"cameraMode":{"drawMode":0,"name":"Shaded","section":"Shading Mode"},"sceneLighting":false,"audioPlay":false,"sceneViewState":{"showFog":true,"showMaterialUpdate":false,"showSkybox":false,"showFlares":true,"showImageEffects":true,"showParticleSystems":true},"in2DMode":false,"pivot":{"x":11.5819673538208,"y":0.07800006866455078,"z":-2.3768210411071779},"rotation":{"x":0.2021661400794983,"y":-0.42705851793289187,"z":0.09849437326192856,"w":0.8758795261383057},"size":7.625603675842285,"orthographic":false}