{"cameraMode":{"drawMode":0,"name":"Shaded","section":"Shading Mode"},"sceneLighting":false,"audioPlay":false,"sceneViewState":{"showFog":true,"showMaterialUpdate":false,"showSkybox":false,"showFlares":true,"showImageEffects":true,"showParticleSystems":true},"in2DMode":false,"pivot":{"x":0.3601450026035309,"y":1.214056372642517,"z":-2.2754056453704836},"rotation":{"x":-0.1541011929512024,"y":0.1940232813358307,"z":-0.030889665707945825,"w":-0.9684038162231445},"size":0.37071555852890017,"orthographic":false}