{"cameraMode":{"drawMode":0,"name":"Shaded","section":"Shading Mode"},"sceneLighting":false,"audioPlay":false,"sceneViewState":{"showFog":true,"showMaterialUpdate":false,"showSkybox":true,"showFlares":true,"showImageEffects":true,"showParticleSystems":true},"in2DMode":false,"pivot":{"x":-50.864158630371097,"y":18.108182907104493,"z":66.86489868164063},"rotation":{"x":0.012334553524851799,"y":-0.9528732895851135,"z":-0.03667745739221573,"w":-0.3016939163208008},"size":3.6655614376068117,"orthographic":false}