{"cameraMode":{"drawMode":0,"name":"Shaded","section":"Shading Mode"},"sceneLighting":false,"audioPlay":false,"sceneViewState":{"showFog":true,"showMaterialUpdate":false,"showSkybox":true,"showFlares":true,"showImageEffects":true,"showParticleSystems":true},"in2DMode":false,"pivot":{"x":672.0481567382813,"y":-222.14585876464845,"z":167.7283477783203},"rotation":{"x":-0.11584324389696121,"y":-0.7126527428627014,"z":0.11917782574892044,"w":-0.6829946041107178},"size":382.2640380859375,"orthographic":false}