{"cameraMode":{"drawMode":0,"name":"Shaded","section":"Shading Mode"},"sceneLighting":false,"audioPlay":false,"sceneViewState":{"showFog":true,"showMaterialUpdate":false,"showSkybox":true,"showFlares":true,"showImageEffects":true,"showParticleSystems":true},"in2DMode":false,"pivot":{"x":-3.4799041748046877,"y":3.130565881729126,"z":1.9645997285842896},"rotation":{"x":0.17652527987957,"y":0.12129411846399307,"z":-0.02185569703578949,"w":0.9766265749931336},"size":2.613983154296875,"orthographic":false}