{"cameraMode":{"drawMode":0,"name":"Shaded","section":"Shading Mode"},"sceneLighting":false,"audioPlay":false,"sceneViewState":{"showFog":true,"showMaterialUpdate":false,"showSkybox":false,"showFlares":true,"showImageEffects":true,"showParticleSystems":true},"in2DMode":false,"pivot":{"x":-0.43105998635292055,"y":1.1889533996582032,"z":9.146953582763672},"rotation":{"x":-0.1804606169462204,"y":0.06283754110336304,"z":-0.011471877805888653,"w":-0.9815924167633057},"size":1.2247449159622193,"orthographic":false}