{"cameraMode":{"drawMode":0,"name":"Shaded","section":"Shading Mode"},"sceneLighting":false,"audioPlay":false,"sceneViewState":{"showFog":true,"showMaterialUpdate":false,"showSkybox":false,"showFlares":true,"showImageEffects":true,"showParticleSystems":true},"in2DMode":false,"pivot":{"x":11.515069961547852,"y":0.07800006866455078,"z":-2.230401039123535},"rotation":{"x":-0.14632628858089448,"y":0.7222986221313477,"z":-0.16099673509597779,"w":-0.656482994556427},"size":8.029287338256836,"orthographic":false}