{"cameraMode":{"drawMode":0,"name":"Shaded","section":"Shading Mode"},"sceneLighting":false,"audioPlay":false,"sceneViewState":{"showFog":true,"showMaterialUpdate":false,"showSkybox":false,"showFlares":true,"showImageEffects":true,"showParticleSystems":true},"in2DMode":false,"pivot":{"x":-11.449462890625,"y":2.3367843627929689,"z":-11.651607513427735},"rotation":{"x":0.02244669385254383,"y":0.9772989749908447,"z":-0.15765529870986939,"w":0.14085109531879426},"size":10.0,"orthographic":false}