{"cameraMode":{"drawMode":0,"name":"Shaded","section":"Shading Mode"},"sceneLighting":true,"audioPlay":false,"sceneViewState":{"showFog":true,"showMaterialUpdate":false,"showSkybox":false,"showFlares":true,"showImageEffects":true,"showParticleSystems":true},"in2DMode":false,"pivot":{"x":-0.059999942779541019,"y":1.6700000762939454,"z":0.49321460723876955},"rotation":{"x":-0.002271574456244707,"y":0.9796874523162842,"z":-0.20304785668849946,"w":0.011983783915638924},"size":10.340124130249024,"orthographic":false}