{"cameraMode":{"drawMode":0,"name":"Shaded","section":"Shading Mode"},"sceneLighting":false,"audioPlay":false,"sceneViewState":{"showFog":true,"showMaterialUpdate":false,"showSkybox":false,"showFlares":true,"showImageEffects":true,"showParticleSystems":true},"in2DMode":false,"pivot":{"x":-0.15389567613601685,"y":-0.6005667448043823,"z":1.4511173963546754},"rotation":{"x":-0.3123376667499542,"y":0.061441488564014438,"z":-0.02067091502249241,"w":-0.9479625225067139},"size":1.4029611349105836,"orthographic":false}