{"cameraMode":{"drawMode":0,"name":"Shaded","section":"Shading Mode"},"sceneLighting":false,"audioPlay":false,"sceneViewState":{"showFog":true,"showMaterialUpdate":false,"showSkybox":false,"showFlares":true,"showImageEffects":true,"showParticleSystems":true},"in2DMode":false,"pivot":{"x":-8.648698806762696,"y":0.3795551061630249,"z":-0.9079686999320984},"rotation":{"x":0.1778554618358612,"y":0.5962620973587036,"z":-0.13760590553283692,"w":0.7706698775291443},"size":1.4660253524780274,"orthographic":false}