{"cameraMode":{"drawMode":0,"name":"Shaded","section":"Shading Mode"},"sceneLighting":false,"audioPlay":false,"sceneViewState":{"showFog":true,"showMaterialUpdate":false,"showSkybox":false,"showFlares":true,"showImageEffects":true,"showParticleSystems":true},"in2DMode":false,"pivot":{"x":0.037799715995788577,"y":0.041728436946868899,"z":-0.67157381772995},"rotation":{"x":-0.13098685443401338,"y":0.8397824764251709,"z":-0.23269662261009217,"w":-0.47271963953971865},"size":0.6435916423797607,"orthographic":false}