{"cameraMode":{"drawMode":0,"name":"Shaded","section":"Shading Mode"},"sceneLighting":true,"audioPlay":false,"sceneViewState":{"showFog":true,"showMaterialUpdate":false,"showSkybox":true,"showFlares":true,"showImageEffects":true,"showParticleSystems":true},"in2DMode":false,"pivot":{"x":4.616610050201416,"y":7.48756217956543,"z":-5.0735859870910648},"rotation":{"x":0.2014709860086441,"y":-0.12273900955915451,"z":0.024530407041311265,"w":0.9717985987663269},"size":0.8660253882408142,"orthographic":false}