{"cameraMode":{"drawMode":0,"name":"Shaded","section":"Shading Mode"},"sceneLighting":false,"audioPlay":false,"sceneViewState":{"showFog":true,"showMaterialUpdate":false,"showSkybox":false,"showFlares":true,"showImageEffects":true,"showParticleSystems":true},"in2DMode":false,"pivot":{"x":0.01245415210723877,"y":-0.06231653690338135,"z":0.5154620409011841},"rotation":{"x":-0.30784890055656435,"y":0.6250618100166321,"z":-0.29412218928337099,"w":-0.6542368531227112},"size":1.2247449159622193,"orthographic":false}