{"cameraMode":{"drawMode":0,"name":"Shaded","section":"Shading Mode"},"sceneLighting":false,"audioPlay":false,"sceneViewState":{"showFog":true,"showMaterialUpdate":false,"showSkybox":false,"showFlares":true,"showImageEffects":true,"showParticleSystems":true},"in2DMode":false,"pivot":{"x":1.1920928955078126e-7,"y":0.8942574262619019,"z":-0.08253484964370728},"rotation":{"x":0.05247996374964714,"y":0.9467035531997681,"z":-0.2035747766494751,"w":0.24405530095100404},"size":1.4509259462356568,"orthographic":false}