{"cameraMode":{"drawMode":0,"name":"Shaded","section":"Shading Mode"},"sceneLighting":false,"audioPlay":false,"sceneViewState":{"showFog":true,"showMaterialUpdate":false,"showSkybox":false,"showFlares":true,"showImageEffects":true,"showParticleSystems":true},"in2DMode":false,"pivot":{"x":-0.6183593273162842,"y":1.2588244676589966,"z":9.683341979980469},"rotation":{"x":-0.02858327142894268,"y":-0.9620136618614197,"z":0.1104322224855423,"w":-0.24835222959518434},"size":1.8523168563842774,"orthographic":false}