{"cameraMode":{"drawMode":0,"name":"Shaded","section":"Shading Mode"},"sceneLighting":false,"audioPlay":false,"sceneViewState":{"showFog":true,"showMaterialUpdate":false,"showSkybox":false,"showFlares":true,"showImageEffects":true,"showParticleSystems":true},"in2DMode":false,"pivot":{"x":-4.369992733001709,"y":3.262482166290283,"z":-0.8820673227310181},"rotation":{"x":0.1498452126979828,"y":0.7767549157142639,"z":-0.2015218287706375,"w":0.577804446220398},"size":1.4270669221878052,"orthographic":false}