{"cameraMode":{"drawMode":0,"name":"Shaded","section":"Shading Mode"},"sceneLighting":false,"audioPlay":false,"sceneViewState":{"showFog":true,"showMaterialUpdate":false,"showSkybox":false,"showFlares":true,"showImageEffects":true,"showParticleSystems":true},"in2DMode":false,"pivot":{"x":-0.03278207778930664,"y":0.1318979263305664,"z":24.020124435424806},"rotation":{"x":-0.1280611902475357,"y":0.832611620426178,"z":-0.21598270535469056,"w":-0.4936734437942505},"size":29.88033676147461,"orthographic":false}