{"cameraMode":{"drawMode":0,"name":"Shaded","section":"Shading Mode"},"sceneLighting":false,"audioPlay":false,"sceneViewState":{"showFog":true,"showMaterialUpdate":false,"showSkybox":false,"showFlares":true,"showImageEffects":true,"showParticleSystems":true},"in2DMode":false,"pivot":{"x":50.0275764465332,"y":-8.351016998291016,"z":-251.326904296875},"rotation":{"x":0.20948319137096406,"y":0.6690780520439148,"z":-0.20565614104270936,"w":0.6829873919487},"size":19.46476936340332,"orthographic":false}