{"cameraMode":{"drawMode":0,"name":"Shaded","section":"Shading Mode"},"sceneLighting":false,"audioPlay":false,"sceneViewState":{"showFog":true,"showMaterialUpdate":false,"showSkybox":false,"showFlares":true,"showImageEffects":true,"showParticleSystems":true},"in2DMode":false,"pivot":{"x":0.023975372314453126,"y":0.05444324016571045,"z":-0.3857288360595703},"rotation":{"x":0.15031099319458009,"y":0.8150346875190735,"z":-0.2430902123451233,"w":0.5042858123779297},"size":1.3556846380233765,"orthographic":false}