{"cameraMode":{"drawMode":0,"name":"Shaded","section":"Shading Mode"},"sceneLighting":false,"audioPlay":false,"sceneViewState":{"showFog":true,"showMaterialUpdate":false,"showSkybox":false,"showFlares":true,"showImageEffects":true,"showParticleSystems":true},"in2DMode":false,"pivot":{"x":-10.148276329040528,"y":4.133650302886963,"z":9.534799575805664},"rotation":{"x":0.12937019765377046,"y":0.8419766426086426,"z":-0.23194876313209535,"w":0.4696442484855652},"size":1.5751229524612427,"orthographic":false}