{"cameraMode":{"drawMode":0,"name":"Shaded","section":"Shading Mode"},"sceneLighting":false,"audioPlay":false,"sceneViewState":{"showFog":true,"showMaterialUpdate":false,"showSkybox":false,"showFlares":true,"showImageEffects":true,"showParticleSystems":true},"in2DMode":false,"pivot":{"x":-0.3797266483306885,"y":3.021256923675537,"z":10.950718879699707},"rotation":{"x":0.000749126193113625,"y":0.9990641474723816,"z":0.020676329731941224,"w":-0.038683898746967319},"size":1.5642726421356202,"orthographic":false}