{"cameraMode":{"drawMode":0,"name":"Shaded","section":"Shading Mode"},"sceneLighting":false,"audioPlay":false,"sceneViewState":{"showFog":true,"showMaterialUpdate":false,"showSkybox":false,"showFlares":true,"showImageEffects":true,"showParticleSystems":true},"in2DMode":false,"pivot":{"x":-1.0486583709716797,"y":0.03332201763987541,"z":11.739389419555664},"rotation":{"x":-0.0640239268541336,"y":-0.7240352034568787,"z":0.06770531833171845,"w":-0.6835521459579468},"size":1.4254645109176636,"orthographic":false}