{"cameraMode":{"drawMode":0,"name":"Shaded","section":"Shading Mode"},"sceneLighting":false,"audioPlay":false,"sceneViewState":{"showFog":true,"showMaterialUpdate":false,"showSkybox":false,"showFlares":true,"showImageEffects":true,"showParticleSystems":true},"in2DMode":false,"pivot":{"x":3.5478293895721437,"y":4.505635738372803,"z":-16.40482521057129},"rotation":{"x":0.02910011261701584,"y":0.9698572754859924,"z":-0.14689677953720094,"w":0.19251050055027009},"size":0.000017320508050033823,"orthographic":false}