{"cameraMode":{"drawMode":0,"name":"Shaded","section":"Shading Mode"},"sceneLighting":false,"audioPlay":false,"sceneViewState":{"showFog":true,"showMaterialUpdate":false,"showSkybox":false,"showFlares":true,"showImageEffects":true,"showParticleSystems":true},"in2DMode":false,"pivot":{"x":8.462693214416504,"y":4.135000228881836,"z":3.675588846206665},"rotation":{"x":-0.1341051161289215,"y":0.7941900491714478,"z":-0.18953871726989747,"w":-0.5616629123687744},"size":0.000017320508050033823,"orthographic":false}