{"cameraMode":{"drawMode":0,"name":"Shaded","section":"Shading Mode"},"sceneLighting":false,"audioPlay":false,"sceneViewState":{"showFog":true,"showMaterialUpdate":false,"showSkybox":false,"showFlares":true,"showImageEffects":true,"showParticleSystems":true},"in2DMode":false,"pivot":{"x":-4.273637771606445,"y":0.7375540733337402,"z":-0.12096371501684189},"rotation":{"x":-0.11089927703142166,"y":-0.6103011965751648,"z":0.08681904524564743,"w":-0.7795536518096924},"size":0.2694999873638153,"orthographic":false}