{"cameraMode":{"drawMode":0,"name":"Shaded","section":"Shading Mode"},"sceneLighting":false,"audioPlay":false,"sceneViewState":{"showFog":true,"showMaterialUpdate":false,"showSkybox":false,"showFlares":true,"showImageEffects":true,"showParticleSystems":true},"in2DMode":false,"pivot":{"x":-6.739919662475586,"y":-0.039999961853027347,"z":-21.758378982543947},"rotation":{"x":-0.14632628858089448,"y":0.7222986221313477,"z":-0.16099673509597779,"w":-0.656482994556427},"size":5.929452896118164,"orthographic":false}