{"cameraMode":{"drawMode":0,"name":"Shaded","section":"Shading Mode"},"sceneLighting":false,"audioPlay":false,"sceneViewState":{"showFog":true,"showMaterialUpdate":false,"showSkybox":true,"showFlares":true,"showImageEffects":true,"showParticleSystems":true},"in2DMode":false,"pivot":{"x":57.485538482666019,"y":9.351243019104004,"z":109.98468780517578},"rotation":{"x":-0.09774979203939438,"y":-0.6524444222450256,"z":0.08641485869884491,"w":-0.7468418478965759},"size":3.6655614376068117,"orthographic":false}