{"cameraMode":{"drawMode":0,"name":"Shaded","section":"Shading Mode"},"sceneLighting":false,"audioPlay":false,"sceneViewState":{"showFog":true,"showMaterialUpdate":false,"showSkybox":false,"showFlares":true,"showImageEffects":true,"showParticleSystems":true},"in2DMode":false,"pivot":{"x":-1.0541619062423707,"y":2.351539373397827,"z":9.647493362426758},"rotation":{"x":-0.006823098752647638,"y":0.9923564791679382,"z":-0.10639437288045883,"w":-0.06315486878156662},"size":2.7247447967529299,"orthographic":false}