{"cameraMode":{"drawMode":0,"name":"Shaded","section":"Shading Mode"},"sceneLighting":false,"audioPlay":false,"sceneViewState":{"showFog":true,"showMaterialUpdate":false,"showSkybox":false,"showFlares":true,"showImageEffects":true,"showParticleSystems":true},"in2DMode":false,"pivot":{"x":0.48795241117477419,"y":2.553436756134033,"z":0.08826661854982376},"rotation":{"x":-0.37650397419929507,"y":0.6122309565544128,"z":-0.4111465811729431,"w":-0.5608318448066711},"size":0.37071555852890017,"orthographic":false}