{"cameraMode":{"drawMode":0,"name":"Shaded","section":"Shading Mode"},"sceneLighting":true,"audioPlay":false,"sceneViewState":{"showFog":true,"showMaterialUpdate":false,"showSkybox":true,"showFlares":true,"showImageEffects":true,"showParticleSystems":true},"in2DMode":false,"pivot":{"x":-64.82657623291016,"y":-43.7329216003418,"z":17.61740493774414},"rotation":{"x":-0.22880885004997254,"y":0.6834276914596558,"z":-0.2405661940574646,"w":-0.6502659320831299},"size":52.61500930786133,"orthographic":false}